[
    {
        "code": "GR001",
        "name": "Gale Reef",
        "length": "7 days",
        "start": "2024-07-15T00:00:00Z",
        "resort": "Coral Paradise",
        "perPerson": "$1200",
        "image": "/images/reef1.jpg",
        "description": "Gale Reef is a stunning dive site known for its vibrant marine life and crystal-clear waters. Experience the beauty of Gale Reef with its diverse coral ecosystems."
    },
    {
        "code": "DR002",
        "name": "Dawson's Reef",
        "length": "5 days",
        "start": "2024-08-10T00:00:00Z",
        "resort": "Ocean Blue Resort",
        "perPerson": "$950",
        "image": "/images/reef2.jpg",
        "description": "Dawson's Reef offers an unforgettable experience with colorful coral formations and diverse sea creatures. Discover the wonders of Dawson's Reef today!"
    },
    {
        "code": "CR003",
        "name": "Claire's Reef",
        "length": "10 days",
        "start": "2024-09-05T00:00:00Z",
        "resort": "Sea Breeze Lodge",
        "perPerson": "$1800",
        "image": "/images/reef3.jpg",
        "description": "Claire's Reef is perfect for both beginner and advanced divers, showcasing breathtaking underwater landscapes. Enjoy an amazing adventure at Claire's Reef."
    }
]
